Build_ID,Number,TimeStamp,Build_Commit,Build_Branch,Build_Status
698604927,4178,2020-06-15T16:21:58Z,15715b48d1c5d7218e361c2e5a09e65cdc7260fc,master,finished
698324652,4177,2020-06-14T22:37:29Z,bf9de34f343e63c8236aea75c1a6ae4b39e1fbe9,master,finished
698063754,4176,2020-06-13T21:31:20Z,d618a18c19e24fe852c4d013961623e0f5144ca5,master,finished
698056160,4175,2020-06-13T20:56:59Z,8cef7ca6dbb86ca362dce70ce4b1d7fd03240451,master,finished
697920125,4174,2020-06-13T08:48:41Z,07073fafc3bad8864f754c7c6c7f67c10886f805,master,finished
697731182,4173,2020-06-12T18:21:43Z,40416776cf142ca7069c575b60a655ed44be0da6,master,finished
697711435,4172,2020-06-12T17:41:35Z,1c52e9ce978f22c5283a0fe63e06c2e0167adaeb,master,finished
697711397,4171,,ecf3183290bd8605c47a162f290d9185a27f0315,master,finished
697710854,4170,2020-06-12T17:23:53Z,03a862be57dd002c90be52cae227d2fa4fea5557,master,finished
697708734,4169,2020-06-12T17:18:15Z,fcae70c9527185f30f5376bc6971e7d4efa1ccc5,master,finished
697700113,4168,2020-06-12T17:09:15Z,2b0b1dc0178f2233cbc36bf3e2d1369205b83bfd,master,finished
697286185,4167,2020-06-11T16:07:14Z,d16fe847a5ff41ece22ee01c5f015c5b279e96fc,master,finished
697284344,4166,,8e56cebe9b035e15da4c505e3e7f25901945a739,master,finished
697217663,4165,2020-06-11T13:21:12Z,ed5d7cc16091a24151ec8bf245a108dc5a66d126,master,finished
697217592,4164,,68ac22c46268995db0d2597b4c39e0509c06b5d1,master,finished
697217202,4163,2020-06-11T13:19:20Z,7c54540680a4ac43d1102d1c90345f946486cb88,master,finished
697211606,4162,2020-06-11T13:00:50Z,e65f3fcf78aa455badd3189b2a0e72fac6bb539c,master,finished
697209260,4161,2020-06-11T12:51:47Z,42bf4be51a6eaf30072cd0662829d0e55d718d6d,master,finished
697206625,4160,2020-06-11T12:43:03Z,96bab03e5520508b9ace2f2182aa7778bea3d14c,master,finished
697205329,4159,2020-06-11T12:38:47Z,ebbf78d1b2f7629244c60cdce56bfa772131d826,master,finished
697205145,4158,2020-06-11T12:37:47Z,78f7eb3382ac460b99c63a027034f980350b96c3,master,finished
697203492,4157,2020-06-11T12:30:11Z,9169a6d4c976d53833ed152ba12f1031ad859934,master,finished
697202735,4156,2020-06-11T12:26:56Z,83af04e1d305749722a31249513e4e474d63a5ef,master,finished
697183452,4155,2020-06-11T11:13:11Z,a43fcf35136cc94db3ce9f3db43656557727af10,master,finished
697178805,4154,2020-06-11T10:55:25Z,8ea47ad41451c7e27735831bafd9fd2827164992,master,finished
